{"cameraMode":{"drawMode":0,"name":"Shaded","section":"Shading Mode"},"sceneLighting":false,"audioPlay":false,"sceneViewState":{"showFog":true,"showMaterialUpdate":true,"showSkybox":false,"showFlares":true,"showImageEffects":true,"showParticleSystems":true},"in2DMode":false,"pivot":{"x":-7.833688259124756,"y":33.50675582885742,"z":-20.66997528076172},"rotation":{"x":0.09171204268932343,"y":-0.8982818722724915,"z":0.22496995329856873,"w":0.3661518394947052},"size":9.48714542388916,"orthographic":false}