{"cameraMode":{"drawMode":0,"name":"Shaded","section":"Shading Mode"},"sceneLighting":true,"audioPlay":false,"sceneViewState":{"showFog":false,"showMaterialUpdate":false,"showSkybox":false,"showFlares":false,"showImageEffects":false,"showParticleSystems":false},"in2DMode":false,"pivot":{"x":-7.281057357788086,"y":14.608663558959961,"z":-5.377289772033691},"rotation":{"x":-0.28845053911209109,"y":-0.5475286245346069,"z":0.20855814218521119,"w":-0.757305920124054},"size":32.23817443847656,"orthographic":false}