{"cameraMode":{"drawMode":0,"name":"Shaded","section":"Shading Mode"},"sceneLighting":true,"audioPlay":false,"sceneViewState":{"showFog":false,"showMaterialUpdate":false,"showSkybox":false,"showFlares":false,"showImageEffects":false,"showParticleSystems":false},"in2DMode":false,"pivot":{"x":0.33000001311302187,"y":22.969999313354493,"z":-23.368000030517579},"rotation":{"x":-0.25441497564315798,"y":-0.633344292640686,"z":0.23257221281528474,"w":-0.692862331867218},"size":22.0,"orthographic":false}