{"cameraMode":{"drawMode":0,"name":"Shaded","section":"Shading Mode"},"sceneLighting":true,"audioPlay":false,"sceneViewState":{"showFog":false,"showMaterialUpdate":false,"showSkybox":false,"showFlares":false,"showImageEffects":false,"showParticleSystems":false},"in2DMode":false,"pivot":{"x":-2.384000062942505,"y":1.6529998779296876,"z":7.019999980926514},"rotation":{"x":0.11410174518823624,"y":0.09894970804452896,"z":-0.011430189944803715,"w":0.9884630441665649},"size":7.003770351409912,"orthographic":false}