{"cameraMode":{"drawMode":0,"name":"Shaded","section":"Shading Mode"},"sceneLighting":false,"audioPlay":false,"sceneViewState":{"showFog":false,"showMaterialUpdate":false,"showSkybox":false,"showFlares":false,"showImageEffects":false,"showParticleSystems":false},"in2DMode":false,"pivot":{"x":-0.12860107421875,"y":29.350696563720704,"z":-15.545886993408204},"rotation":{"x":-0.25299113988876345,"y":-0.032631244510412219,"z":0.00854690931737423,"w":-0.9668803811073303},"size":14.450324058532715,"orthographic":false}