{"cameraMode":{"drawMode":0,"name":"Shaded","section":"Shading Mode"},"sceneLighting":true,"audioPlay":false,"sceneViewState":{"showFog":true,"showMaterialUpdate":true,"showSkybox":true,"showFlares":true,"showImageEffects":true,"showParticleSystems":true},"in2DMode":false,"pivot":{"x":-13.426898956298829,"y":5.569265842437744,"z":6.031947612762451},"rotation":{"x":-0.05663628503680229,"y":-0.6878217458724976,"z":0.05397871509194374,"w":-0.7216508388519287},"size":22.99081039428711,"orthographic":false}