{"cameraMode":{"drawMode":0,"name":"Shaded","section":"Shading Mode"},"sceneLighting":false,"audioPlay":false,"sceneViewState":{"showFog":true,"showMaterialUpdate":true,"showSkybox":false,"showFlares":true,"showImageEffects":true,"showParticleSystems":true},"in2DMode":false,"pivot":{"x":-0.0008916854858398438,"y":0.07636404037475586,"z":-1.459721565246582},"rotation":{"x":-0.07765399664640427,"y":-0.22618593275547028,"z":0.018089689314365388,"w":-0.9708154201507568},"size":18.807661056518556,"orthographic":false}