{"cameraMode":{"drawMode":0,"name":"Shaded","section":"Shading Mode"},"sceneLighting":true,"audioPlay":false,"sceneViewState":{"showFog":true,"showMaterialUpdate":true,"showSkybox":true,"showFlares":true,"showImageEffects":true,"showParticleSystems":true},"in2DMode":false,"pivot":{"x":-14.227045059204102,"y":16.735000610351564,"z":0.789806604385376},"rotation":{"x":0.03230871632695198,"y":-0.7343232035636902,"z":-0.03504106029868126,"w":-0.6771246790885925},"size":22.99081039428711,"orthographic":false}