{"cameraMode":{"drawMode":0,"name":"Shaded","section":"Shading Mode"},"sceneLighting":true,"audioPlay":false,"sceneViewState":{"showFog":true,"showMaterialUpdate":true,"showSkybox":true,"showFlares":true,"showImageEffects":true,"showParticleSystems":true},"in2DMode":false,"pivot":{"x":-3.684652328491211,"y":6.980465888977051,"z":4.869945049285889},"rotation":{"x":0.0049681211821734909,"y":0.9623130559921265,"z":-0.2713278532028198,"w":0.017612872645258905},"size":2.8578836917877199,"orthographic":false}