{"cameraMode":{"drawMode":0,"name":"Shaded","section":"Shading Mode"},"sceneLighting":true,"audioPlay":false,"sceneViewState":{"showFog":true,"showMaterialUpdate":true,"showSkybox":true,"showFlares":true,"showImageEffects":true,"showParticleSystems":true},"in2DMode":false,"pivot":{"x":0.6800000667572022,"y":18.8700008392334,"z":-8.358787536621094},"rotation":{"x":-0.35734862089157107,"y":0.3473432660102844,"z":-0.1452372968196869,"w":-0.8547285199165344},"size":11.055355072021485,"orthographic":false}