{"cameraMode":{"drawMode":0,"name":"Shaded","section":"Shading Mode"},"sceneLighting":true,"audioPlay":false,"sceneViewState":{"showFog":true,"showMaterialUpdate":true,"showSkybox":true,"showFlares":true,"showImageEffects":true,"showParticleSystems":true},"in2DMode":false,"pivot":{"x":-4.297207355499268,"y":18.055095672607423,"z":-17.810543060302736},"rotation":{"x":-0.09245389699935913,"y":-0.6896940469741821,"z":0.08945927768945694,"w":-0.7125809192657471},"size":36.375572204589847,"orthographic":false}