{"cameraMode":{"drawMode":0,"name":"Shaded","section":"Shading Mode"},"sceneLighting":false,"audioPlay":false,"sceneViewState":{"showFog":true,"showMaterialUpdate":false,"showSkybox":false,"showFlares":true,"showImageEffects":true,"showParticleSystems":true},"in2DMode":false,"pivot":{"x":1.8160762786865235,"y":0.27120858430862429,"z":-0.05447721481323242},"rotation":{"x":0.34796077013015749,"y":0.17157340049743653,"z":-0.0649353638291359,"w":0.9193853139877319},"size":52.49686050415039,"orthographic":false}