{"cameraMode":{"drawMode":0,"name":"Shaded","section":"Shading Mode"},"sceneLighting":true,"audioPlay":false,"sceneViewState":{"showFog":true,"showMaterialUpdate":false,"showSkybox":true,"showFlares":true,"showImageEffects":true,"showParticleSystems":true},"in2DMode":false,"pivot":{"x":982.89990234375,"y":432.1401672363281,"z":-774.9340209960938},"rotation":{"x":0.03778852894902229,"y":-0.03415751829743385,"z":0.0012923036701977254,"w":0.9987009763717651},"size":126.72373962402344,"orthographic":false}